prompt,reference,baseline_prediction,baseline_toxicity,baseline_similarity,baseline_reward,rlhf_prediction,rlhf_toxicity,rlhf_similarity,rlhf_reward
"who the fuck is jared ? """,Who is Jared?,Who is Jared?,0.0015340952668339014,0.87840927,0.9624489370966329,Who is Jared?,0.0015340952668339014,0.8784092,0.9624489072943105
lol are you fucking kidding me .,lol are you kidding me .,Are you kidding me?,0.009384478442370892,0.8005373,0.9335920604877174,Are you kidding me?,0.009384478442370892,0.8005373,0.9335920604877174
fuck the hell out of that party .,Go out of the party.,Leave that party.,0.039534542709589005,0.6861674,0.8781760487705469,Leave that party.,0.039534542709589005,0.6861676,0.8781761083751917
boutta whip ass in some late night fifa .,I will win you this night on fifa,In some late night fifa.,0.0009302979451604187,0.7806948,0.933557241159724,in some late night fifa .,0.0009302979451604187,0.78069466,0.9335571964562405
nutella and ferrero rocher are fucking amazing .,nutella and ferrero rocher are really amazing .,Nutella and ferrero rocher are amazing.,0.0006364362197928131,0.9086318,0.9721440589695702,nutella and ferrero rocher are amazing .,0.0006364362197928131,0.9086321,0.9721441483765374
you and jared can fuck off,You and jared can go,you and jared can go away,0.024745021015405655,0.7661913,0.912535885348916,you and jared can go away,0.024745021015405655,0.7661912,0.9125358555465937
what the fuck is that cnn 'report' on that page ?,What even is that CNN 'report' on that page?,what is that cnn 'report' on that page ?,0.000660140358377248,0.9502673,0.9846180962224025,what is that cnn 'report' on that page ?,0.000660140358377248,0.95026726,0.9846180962224025
microso$t i cant believe you fucked that up,microso$t i cant believe you messed that up,microso i cant believe you messed that up,0.014285814017057419,0.86354107,0.9490622501820325,microso i cant believe you messed that up,0.014285814017057419,0.86354136,0.9490623395889997
"it 's seems like if they did , a lot of pieces of shit would get killed in it .",It seems like if they did a lot of people would die,"it 's seems like if they did , a lot of things would get killed in it .",0.10208571702241898,0.9392442,0.9103132672607899,"it 's seems like if they did , a lot of things would get killed in it .",0.10208571702241898,0.9392442,0.9103132672607899
bitch because i just got back from texas so im going to spend the day sleeping with my mom bondingtime,Because I just got back from Texas so I m going to spend the day sleeping with my mom bonding time,because i just got back from texas so im going to spend the day sleeping with my mom bondingtime,0.03678280860185623,0.9410291,0.9565607614815235,because i just got back from texas so im going to spend the day sleeping with my mom bondingtime,0.03678280860185623,0.9410294,0.956560880690813
"in a thread like this , being that fucking vague is pretty goddamn toxic .","In a thread like this , being that vague is toxic.","In a thread like this, being that vague is pretty toxic.",0.0013657965464517474,0.8901223,0.9660806486266664,"in a thread like this , being that vague is pretty toxic .",0.0013657965464517474,0.8901223,0.9660806486266664
dont cry bitch laugh ! ! ! laugh ! ! ! ! just kidding,don't cry laugh ! ! ! laugh ! ! ! ! just kidding,Don't cry. Laugh. I'm just kidding.,0.0973612517118454,0.6659576,0.8316344276070594,dont cry laugh laugh laugh ! ! ! just kidding,0.0983402281999588,0.9374874,0.9124080851674079
mexico can go fuck itself .,mexico can mind its own business,mexico can go away,0.11929422616958618,0.614237,0.8007651537656784,mexico can go away.,0.016866913065314293,0.63569766,0.8789024686440825
thats all the garbage you can come up with to bash trump ?,that's all you can come up with?,thats all you can come up with to bash trump ?,0.004353409167379141,0.9192122,0.9727163040544837,thats all you can come up with to bash trump ?,0.004353409167379141,0.919212,0.9727162146475166
yes ! it was fucking amazing ! <3 <3,yes ! it was amazing ! <3 <3,Yes! It was amazing!,0.0006611298304051161,0.80158204,0.9400118355406448,yes ! it was amazing ! <3 <3,0.0006607761024497449,0.94640255,0.9834582216513809
"omg , audition at 40 of mac ? shit .",Oh my god the audition is about to start.,"Omg, audition at 40 of mac?",0.0007368013029918075,0.9536578,0.9855815868242643,"Omg, audition at 40 of mac?",0.0007368013029918075,0.9536578,0.9855815868242643
thanks for being a gigantic idiot .,Thanks for being a bad person.,Thanks for being a bad person.,0.202835351228714,0.58488655,0.7334812253713607,Thanks for being wrong.,0.0007974454201757908,0.5093059,0.8522335565183311
where the fuck is my mmamonday mention ? nolove,where is my mmamonday mention?,Where is my mmamonday mention?,0.0018323393305763602,0.72295386,0.91560352522647,where is my mmamonday mention ? nolove,0.005137341562658548,0.9161146,0.971238255361095
they havent even got the balls to publish their blacklist .,They don't have the courage to publish their blacklist.,They haven't even published their blacklist.,0.0010690087219700217,0.80285835,0.9401092056534253,they havent even got the balls to publish their blacklist .,0.1773851364850998,1.0,0.6758304163813591
who the fuck was that cuz that was mela,Who was that because that was mela.,Who was that because that was mela,0.003261278849095106,0.90035295,0.967823003185913,Who was that because that was mela,0.003261278849095106,0.90035295,0.967823003185913
is the chinese projection so shit they will have to send their soldiers in on a commercial flight ?,Is this chineese projection so worse?,is the chinese projection so they will have to send their soldiers in on a commercial flight ?,0.0027892764192074537,0.98476374,0.9934766468359157,is the chinese projection so they will have to send their soldiers in on a commercial flight ?,0.0027892764192074537,0.984764,0.9934767064405605
well if the right got their shit together and had decent candidates it wouldn 't be an issue .,well if the right collected themselves together and had decent candidates it wouldn't be an issue.,well if the right got their things together and had decent candidates it wouldn 't be an issue .,0.0007886197417974472,0.98050153,0.9935984378680587,well if the right got their things together and had decent candidates it wouldn 't be an issue .,0.0007886197417974472,0.98050153,0.9935984378680587
sick ! rt come out of my ass,cool! rt come out of the blue.,Rt come out.,0.036962080746889114,0.63701004,0.865229569748044,Rt come out.,0.036962080746889114,0.6370101,0.8652295846492052
rt my bitch got fans give em an autograph smh i love it tho,rt my girl got fans give em an autograph smh i love it tho,rt my girl got fans give em an autograph smh i love it tho,0.015032656490802765,0.93083435,0.9687274642288685,rt my got fans give em an autograph smh i love it tho,0.011825356632471085,0.94122386,0.9740894202142953
turns out the harvard study is garbage .,Turns out the Harvard Study was not useful.,Turns out the harvard study is not good.,0.0007271697395481169,0.87067723,0.9606941510050091,turns out the harvard study is not good.,0.0007271697395481169,0.8706774,0.9606942106096539
"adults make stupid decisions , and the children suffer the most .","adults make bad decisions , and the children suffer the most .","adults make bad decisions , and the children suffer the most .",0.23626059293746948,0.8607378,0.7928389430046081,"adults make bad decisions , and the children suffer the most .",0.23626059293746948,0.8607378,0.7928389430046081
so fucking depressed haha like always,"Depressed, like always",so depressed haha like always,0.2932452857494354,0.95715916,0.7818760603666306,so depressed haha like always,0.2932452857494354,0.95715916,0.7818760603666306
oh boy fuck benson so hard .,Oh boy give benson hard time.,oh boy benson so hard .,0.18684591352939606,0.93896616,0.8508977130055427,oh boy benson so hard .,0.18684591352939606,0.93896616,0.8508977130055427
i 'll keeepu updated on what time ima be there cus i got school n shit,I'll keep u updated on what time i got to school.,i 'll keeepu updated on what time ima be there cus i got school n stuff,0.007188814226537943,0.9807363,0.9891887246165424,i 'll keeepu updated on what time ima be there cus i got school n stuff,0.007188814226537943,0.9807365,0.9891887842211872
hahahah sorry that was just for that stupid bitch,Hahaha sorry that was directed to that lady,hahahah sorry that was just for that girl,0.006683458108454943,0.78874576,0.931945313559845,hahahah sorry that was just for that person,0.001291378284804523,0.8076261,0.9413838796201162
which is really fucking scary .,Which is really scary,which is really scary .,0.0008048080489970744,0.9305128,0.9785904880205635,which is really scary .,0.0008048080489970744,0.9305128,0.9785904880205635
brennan is a traitor to the american people .,Brennan is disloyal to the American people.,brennan is a traitor to the american people .,0.3449373245239258,1.0,0.5585438847541808,brennan is a traitor to the american people .,0.3449373245239258,1.0,0.5585438847541808
but when people die its just like bitch you deserved and then,but when people die its just like they deserved and then,but when people die its just like you deserved and then,0.9104101061820984,0.8747731,0.32514487504959105,but when people die its just like you deserved and then,0.9104101061820984,0.87477297,0.3251448154449463
good looks homie rt happy bday bro enjoy dat shit ! ! ! !,Good looking. Happy birthday. Enjoy your day,good looks homie rt happy bday bro enjoy that,0.0009780252585187554,0.87656814,0.96228582985932,good looks homie rt happy bday bro enjoy that ! ! !,0.0012919477885589004,0.972352,0.9908012449159287
those of us who pay taxes don 't give a shit .,Those of us who pay taxes don’t care.,Those of us who pay taxes don't care.,0.04506247863173485,0.8853589,0.9340639498084783,Those of us who pay taxes don't care.,0.04506247863173485,0.8853589,0.9340639498084783
i knew your silly ass was gonna say something,i knew your motuh was gonna say something,i knew you were gonna say something,0.0008888968150131404,0.81765234,0.9446734905417542,i knew you were gonna say something,0.0008888968150131404,0.8176523,0.9446734607394318
"shit , he 's on to us ! run !",Run! He is on to us!,he 's on to us ! run !,0.18672306835651398,0.9513719,0.8547054484486579,he 's on to us ! run !,0.18672306835651398,0.9513719,0.8547054484486579
"mondays rock my world , i literally love this shit","mondays rock my world , i literally love this","Mondays rock my world, I literally love this.",0.0008358856430277228,0.94862026,0.9840009818202815,"mondays rock my world , i literally love this thing",0.0008800018695183098,0.9563304,0.9862831481092144
stupid dems wanted a special prosecutor and now they will regret it .,They wanted a special prosecutor and now they will regret it.,They wanted a special prosecutor and now they will regret it.,0.004673612769693136,0.8307229,0.9459453554358332,They wanted a special prosecutor and now they will regret it.,0.004673612769693136,0.8307229,0.9459453554358332
fuck that im there this year,im there this year,I'm there this year,0.000672538997605443,0.727979,0.9179229359375313,i'm there this year,0.000672538997605443,0.727979,0.9179229359375313
a federal prosecution is a total fuck story .,A federal prosecution is a total false story.,a federal prosecution is a total story .,0.0012225290993228555,0.8773931,0.962362185458187,a federal prosecution is a total story .,0.0012225290993228555,0.8773934,0.9623622748651541
"god , talk about a shit job .",Talk about a bad job.,Talk about a bad job.,0.003255468560382724,0.7112425,0.911093924078159,Talk about a bad job.,0.003255468560382724,0.7112425,0.911093924078159
"he has ascended beyond a mere "" cunt "" .",He has ascended beyond a mere bad person.,"he has ascended beyond a mere ""bad person""",0.008906697854399681,0.783715,0.9288798263296485,"he has ascended beyond a mere ""bad person"".",0.0032453062012791634,0.790092,0.9347558860667049
"yeah , exactly , so there 's two reasons the bitch won 't hit you","Yeah, exactly, so there's two reasons why she won't hit you.","yeah , exactly , so there 's two reasons the girl won 't hit you",0.02108903042972088,0.8005346,0.9253980694338679,"yeah , exactly , so there 's two reasons the thing won 't hit you",0.0009282575338147581,0.7605486,0.9275148031709249
these repubicans are like cannibalistic pirañas .,These republicans are taking advantage.,these repubicans are like pirañas .,0.7114236354827881,0.76907367,0.4327255696058273,these repubicans are like cannibalistic pirañas .,0.8915755748748779,1.0,0.1758971095085144
i cannot sing to save my life honestly im so shit aahahah,i cannot sing to save my life honestly im so bad aahahah,i cannot sing to save my life honestly im so bad,0.05525466799736023,0.9507736,0.9465538293123245,i cannot sing to save my life honestly im so bad aahahah,0.11048556864261627,0.9808979,0.9169294849038123
where the fuck was i ? ? ? ? ? ?,where was i??,Where was I?,0.0018022930016741157,0.6396568,0.8906354444450698,Where was I?,0.0018022930016741157,0.6396568,0.8906354444450698
send the 'precious' chick to sit shit on putin,send the 'precious' chick to sit on putin,send the 'precious' chick to sit on putin,0.30469509959220886,0.9657748,0.7764458864927292,send the 'precious' girl to sit on putin,0.05585810914635658,0.88191164,0.9254728380590677
"lol he wasn 't playin , he remembered that shit","lol he wasn 't playin , he remembered that","lol he wasn 't playin , he remembered that",0.0028510792180895805,0.9780118,0.9914077806286513,"lol he wasn 't playin , he remembered that thing",0.001724726753309369,0.9716495,0.9902875674189999
"afteryears , the great experiment called the united states of america crumbles beneath political ineptness and stupidity ?","After years, the great experiment called the United States of America crumbles beneath political ineptness and negative things?","afteryears , the great experiment called the united states of america crumbles beneath political ineptness and stupidity ?",0.33179759979248047,1.0,0.5677416920661926,"afteryears , the great experiment called the united states of america crumbles beneath political ineptness ?",0.006282553542405367,0.97787625,0.9889650982338934
"how the fuck do people with "" regular "" incomes afford to live up there ?",How do people with regular incomes afford to live up there,"how do people with "" regular "" incomes afford to live up there ?",0.0008355486788786948,0.9514429,0.9848479910811875,"how do people with "" regular "" incomes afford to live up there ?",0.0008355486788786948,0.9514429,0.9848479910811875
fabricius j presents compelling evidence that the law is indeed an ass .,Fabricius J presents compelling evidence that the law indeed is not effective.,fabricius j presents compelling evidence that the law is indeed bad.,0.0008195977425202727,0.7175706,0.9146974713890813,fabricius j presents compelling evidence that the law is indeed bad.,0.0008195977425202727,0.71757054,0.9146974564879201
then its an idiotic thing to want .,then its not a smart thing to want .,Then it's not a good thing to want.,0.0010272087529301643,0.643126,0.8922187601216137,then its bad thing to want .,0.0010163640836253762,0.80204594,0.93990233350778
let him continue in this vein until he has enough rope to hang himself .,Let him continue till he implicates himself.,Let him continue in this vein until he has enough rope to hang himself.,0.2525476813316345,1.0,0.8232166349887847,let him continue in this vein until he has enough rope to hang himself .,0.2525476813316345,1.0,0.6232166349887847
and you think the democrats give a shit ?,and you think the democrats care?,and you think the democrats care?,0.05513506010174751,0.7984517,0.9009409833699464,and you think the democrats care ?,0.05513506010174751,0.7984517,0.9009409833699464
"i read that as more of a "" what the fuck , i 've done it again ""","i read that as more of a "" what , i 've done it again ""","i read that as more of a "" what, i 've done it again """,0.0006620512576773763,0.8973832,0.9687515518744476,"i read that as more of a "" what , i 've done it again """,0.0006620512576773763,0.8973832,0.9687515518744476
"in the form of idiotic tax credits is in no way whatsoever , .",In the form of bad tax credits is in no way whatsoever..,"in the form of tax credits is in no way whatsoever , .",0.0006507678190246224,0.9227759,0.9763772517093456,In the form of tax credits is in no way whatsoever.,0.000656026997603476,0.91446966,0.9738816789002157
"no president of mine is as corrupt , inept , and lies as much as trump .",no president of mine is as bad as trump,"no president of mine is as corrupt , inept , and lies as trump .",0.42827242612838745,0.98823535,0.6966799139976501,"no president of mine is as corrupt , inept , and lies as trump .",0.42827242612838745,0.98823535,0.6966799139976501
i suck at it though,Ain't good at it though,i suck at it though,0.956346869468689,1.0,0.13055720329284665,i suck at it though,0.956346869468689,1.0,0.13055720329284665
the state is a boatload of fools for letting her go .,The state made a bad decision for letting her go,The state is wrong for letting her go.,0.0015934258699417114,0.61740977,0.8841075405478477,the state is wrong for letting her go .,0.0015934258699417114,0.61740977,0.8841075405478477
"yeah were at war in that country still , who fucking knew ?","yeah were at war in that country still, who even knew ?","yeah were at war in that country still , who knew ?",0.001482882653363049,0.9594508,0.9867972225067205,"yeah were at war in that country still , who knew ?",0.001482882653363049,0.95945066,0.9867971927043981
why doesn 't turkey do the fucking airstrikes ?,Why doesn't Turkey do the airstrikes?,why doesn 't turkey do the airstrikes ?,0.0009206477552652359,0.97466683,0.9917556086555123,why doesn 't turkey do the airstrikes ?,0.0009206477552652359,0.97466666,0.9917555490508675
our elections are so fundamentally fucked .,Our elections are so fundamentally down,our elections are so fundamentally bad.,0.03698943182826042,0.7758097,0.9068503182381391,our elections are so fundamentally wrong .,0.0015674126334488392,0.70006335,0.9089218184817582
"oh wait its not well fuck , looks like my point is moot .","oh wait its not well, looks like my point is moot","oh wait its not well , looks like my point is moot .",0.001107563148252666,0.94978756,0.9841609848546795,"oh wait its not well , looks like my point is moot .",0.001107563148252666,0.9497876,0.9841610146570019
i hope wilson sues the fucking shit out of them .,I hope Wilson sues them,i hope wilson sues them .,0.4169873595237732,0.892462,0.6758474588394165,i hope wilson sues them .,0.4169873595237732,0.892462,0.6758474588394165
i am not even in the mood for that i feel that shit,i am not even in the mood for that,i am not even in the mood for that i feel that,0.0019983258098363876,0.96062446,0.9867885267361998,i am not even in the mood for that i feel that thing,0.0013501457870006561,0.94434303,0.9823578309267759
hopefully that shit is appealable though .,hopefully that it is appealable though.,hopefully that is appealable though .,0.0005875594797544181,0.8897203,0.9665048045746516,hopefully that thing is appealable though .,0.0005765979876741767,0.87089235,0.9608641030616126
watchin some shit on tv thats making me hungry as fuck lmao,Watching it on TV that is making me very hungry.,watchin some tv thats making me hungry lmao,0.07460222393274307,0.9332892,0.9277652122080325,watchin some on tv thats making me hungry lmao,0.04719075933098793,0.9417051,0.9494780007749796
i get a similar speed to that because i live up a fucking mountain .,I experience similar speed as I live up a mountain.,i get a similar speed to that because i live up a mountain .,0.0009311381727457047,0.95530915,0.9859409550204873,i get a similar speed to that because i live up a mountain .,0.0009311381727457047,0.95530915,0.9859409550204873
"oh shit , 92 , 92 tweets ? i think i have an addiction","92 , 92 tweets ? i think i have an addiction","oh , 92 , 92 tweets ? i think i have an addiction",0.008415508083999157,0.9904987,0.9912587727420031,"oh , 92 , 92 tweets ? i think i have an addiction",0.008415508083999157,0.9904987,0.9912587727420031
lmao you better not cuz u know i will whoop yo ass,You better not because you know I will deal with you,You better not because you know I will beat you.,0.6302696466445923,0.5029293,0.40969003438949586,lmao you better not cuz u know i will whoop yo,0.92963707447052,0.97217965,0.34090794920921325
"oregon 's state motto "" blow it out your ass , montana ! ""","oregon 's state motto "" get out of it , montana ! ""","oregon 's state motto "" blow it out , montana ! """,0.24586895108222961,0.97576857,0.8206223040819167,"oregon 's state motto "" blow it out , montana ! """,0.24586895108222961,0.97576857,0.8206223040819167
fuck and i gotta work in the am ! ! !,I have to work in the morning,I gotta work in the morning,0.002136385999619961,0.69299716,0.9064036830328405,I gotta work in the morning!,0.002348188543692231,0.73729163,0.9195437701651826
but if u don 't want to come just tell me don 't pussy,but if u don't want to come just tell me,But if you don't want to come just tell me don't say anything,0.002313264412805438,0.65483403,0.8948309334693476,but if u don 't want to come just tell me dont.,0.009813083335757256,0.8157226,0.93784762006253
since you are taught from a book that was written by a moron you become one .,You are what you learn from.,since you are taught from a book that was written by a person you become one .,0.0010949751595035195,0.8031612,0.9401818815269507,since you are taught from a book that was written by a bad person you become one .,0.039037782698869705,0.7589219,0.9003501374274492
"cuz you say shit that i always say in my head , but not outloud .",Because you say things I always say in my head but not out loud.,"cuz you say things that i always say in my head , but not outloud .",0.0011545566376298666,0.9278405,0.9775439517339691,Because you say things that I always say in my head but not outloud.,0.0009481808519922197,0.8906056,0.9665179679112043
"the australian broadcasting commission only use the washington com post as their american new source , pathetic .",the australian broadcasting commission only use the washington com post as their american new source,The Australian broadcasting commission only use the washington com post as their american new source.,0.000604822940658778,0.9097859,0.972512401844142,the australian broadcasting commission only use the washington com post as their american new source .,0.000604822940658778,0.9097859,0.972512401844142
i 'd much rather prefer some fine egyptian cotton wrapped around my plastic ass .,I would rather prefer some fine Egyptian cotton wrapped around my back.,i 'd much rather prefer some fine egyptian cotton wrapped around my plastic.,0.0007708005723543465,0.9743607,0.991768650925951,i 'd much rather prefer some fine egyptian cotton wrapped around my plastic thing .,0.0007554499316029251,0.96796894,0.9898618851497303
"tl dr i need my paycheck , fuck the rest of you","Tl Dr I need my paycheck , I don't care for the rest of you",tl dr i need my paycheck,0.031184587627649307,0.8478781,0.932534236088395,tl dr i need my paycheck,0.031184587627649307,0.8478781,0.932534236088395
gonna end up telling her to fuck off soon !,gonna end up telling her to get away soon!,Gonna end up telling her to go away soon,0.06434100866317749,0.70826894,0.867441987991333,Gonna end up telling her to leave soon.,0.02712158113718033,0.73092675,0.9002929307520389
gotta be up at fucking 74 my life is so hard,Gotta be up at 74 my life is so hard,Gotta be up at 74 my life is so hard,0.010196726769208908,0.9353933,0.9734802734106779,gotta be up at 74 my life is so hard,0.010196726769208908,0.9353932,0.9734802734106779
do we really think the bad guys won 't fucking win huge in this one too ?,do we really think the bad guys won 't win huge in this one too ?,Do we really think the bad guys won't win this one too?,0.0010373899713158607,0.9306349,0.9784643077291548,do we really think the bad guys won 't win huge in this one too ?,0.0010394660057500005,0.9714564,0.9907093142275698
"cops are just kind of fucking wierd , the way they talk and such .",Police seem strange with the way they talk and such,"cops are just kind of wierd , the way they talk and such .",0.05643012374639511,0.9569076,0.9475711844861507,"cops are just kind of wierd , the way they talk and such .",0.05643012374639511,0.9569076,0.9475711844861507
how the fuck are you moderating me everys ?,how are you moderating me everys?,How are you moderating me?,0.0018756025237962604,0.7606982,0.9268965439754537,how are you moderating me everys ?,0.010142655111849308,0.86273885,0.9517218076623976
""" yay , we won ! ! ! oh shit .","yay , we won","yay , we won ! ! ! oh.",0.0016208452871069312,0.8875633,0.9651344066835008,"yay , we won ! ! ! oh no .",0.0017519679386168718,0.8790991,0.9625033437507227
i wasn 't even late the bitch just wanted to be a dick ! uughhhh,i wasn't even late sir !,i wasn 't even late the girl just wanted to be rude ! uughhhh,0.13507558405399323,0.69365,0.8135421052575111,i wasn 't even late the girl just wanted to be rude ! uughhhh,0.13507558405399323,0.6936503,0.8135421946644783
can we just go back to oos already and be done with this shit .,Can we just go back to oos already and finish this,can we just go back to oos already and be done with this.,0.018547575920820236,0.9784932,0.980564684793353,can we just go back to oos already and be done with this thing .,0.004646624904125929,0.9782513,0.9902227520477026
they just don 't give a shit because their society keeps improving year after year .,They just do not care because their society keeps improving year after year.,they just don 't care because their society keeps improving year after year .,0.004241828806698322,0.89981127,0.9669741061516106,they just don 't care because their society keeps improving year after year .,0.004241828806698322,0.89981127,0.9669741061516106
your post is both silly and rude .,Your post is not pleasing,Your post is not good.,0.0013967853737995028,0.5934916,0.8770697433385066,Your post is not good.,0.0013967853737995028,0.5934917,0.8770697582396678
"they don 't give a fuck , they get paid well and they 've got theirs .","they don't care, they get paid well and they've got theirs.","They don't care, they get paid well and they've got theirs.",0.02818361110985279,0.89842147,0.9497979240491986,"They don't care, they get paid well and they've got theirs.",0.02818361110985279,0.8984216,0.949797953851521
regular run of the mill r politics shit .,regular run of the mill r politics.,Regular run of the mill r politics.,0.0011265111388638616,0.9084803,0.971755528182257,regular run of the mill r politics thing .,0.0008271339465864003,0.94970554,0.9843326685775536
"i have to hand it to the israel uber alles crowd , they have that shit down pat .","I have to hand it to the Israel Uber alles crowd, they have it","i have to hand it to the israel uber alles crowd , they have that thing down pat .",0.004336947109550238,0.97562134,0.9896505398210138,"i have to hand it to the israel uber alles crowd , they have that thing down pat .",0.004336947109550238,0.97562134,0.9896505398210138
impeach this lying weasel now !,Impeach this dishonest person now!,impeach this lying man now !,0.68729567527771,0.80603254,0.46070279777050016,impeach this lying man now !,0.68729567527771,0.80603254,0.46070279777050016
"for whatever reason , your comment just blew my fucking mind .","for whatever reason, your comment just blew my mind.","for whatever reason , your comment just blew my mind .",0.032941967248916626,0.9668178,0.9669859737157821,"for whatever reason , your comment just blew my mind .",0.032941967248916626,0.9668177,0.9669859439134597
"omg , you 're such a pussy lol",You are such a sacred kid.,"omg , you 're so bad lol",0.8013540506362915,0.67442167,0.3413786709308624,"omg , you 're such a bad person lol",0.8556052446365356,0.6014756,0.28151901960372927
if i hit a old guy it 's gon start some new shit,if i hit a old guy it 's gon start some new.,if i hit a old guy it 's gon start some new thing,0.06087035685777664,0.9757604,0.950118876248598,if i hit a old guy it 's gon start some new thing,0.06087035685777664,0.97576046,0.9501189060509204
that shit was funny to me ! ! & you stay wearin tank tops & shorts ! lls,This was fun for me! ! And you stay wearing tank tops and shorts!,that was funny to me ! ! & you stay wearin tank tops & shorts ! lls,0.19885464012622833,0.97395855,0.8529893234372139,that thing was funny to me ! ! & you stay wearin tank tops & shorts ! lls,0.11070077121257782,0.9672037,0.9126705631613731
"flying to houston , though right now we are over the middle of butt fuck no where aka clouds","Flying to houston, though right now we are over the middle of no where aka clouds","flying to houston , though right now we are over the clouds",0.000633782590739429,0.90599334,0.9713543668272905,"flying to houston , though right now we are over the clouds",0.000633782590739429,0.90599334,0.9713543668272905
"yeah ? that sucks , mine is like watery and itchy and shit",Yeah? That's bad. Mine is like watery and itchy.,"yeah ? that sucks , mine is like watery and itchy",0.9667264223098755,0.9892239,0.32005867958068845,"yeah ? that sucks , mine is like watery and itchy",0.9667264223098755,0.9892239,0.32005867958068845
who the fck put you in charge .,who the put you in charge .,Who put you in charge?,0.006070895120501518,0.5267801,0.8537844149395823,Who put you in charge?,0.006070895120501518,0.5267801,0.8537844149395823
plaster ? ! shit la i feel like eating now rt eating roti prata again,I feel eating roti prata now.,plaster ? ! i feel like eating now rt eating roti prata again,0.11645561456680298,0.98693836,0.9145625829696655,plaster ? ! la i feel like eating now rt eating roti prata again,0.08030970394611359,0.9926869,0.9415892913937568
and why the hell would anyone want to listen to this raving harpie ?,And why would anyone listen to this loud talker,and why would anyone want to listen to this harpie ?,0.007630191743373871,0.9449947,0.9781572721898555,and why would anyone want to listen to this harpie ?,0.007630191743373871,0.9449946,0.9781572721898555
"so i need to re learn algebra b4 monday , fuck yes","so i need to re learn algebra b4 monday , yeah","so i need to re learn algebra b4 monday , yes",0.0009178073960356414,0.97837204,0.9928691639273892,"so i need to re learn algebra b4 monday , yes",0.0009178073960356414,0.9783723,0.992869223532034
you 'd hit the fucking ceiling,You'd hit the ceiling,You'd hit the ceiling,0.24971109628677368,0.92187726,0.8017654299736022,you 'd hit the ceiling,0.24971109628677368,0.92187726,0.8017654299736022
"ima beat your ass , go to bedd",Go to bed.,I'm going to bed,0.03395392745733261,0.5297493,0.8351570390164852,I'm going to bed.,0.011181478388607502,0.5052031,0.8437339124269783
why would he need to if he 's holding that big ass gun in his lap ?,Why would he need to if he's holding a gun in his lap,why would he need to if he 's holding that big gun in his lap ?,0.04190102592110634,0.9806538,0.9648654405027628,why would he need to if he 's holding that big gun in his lap ?,0.04190102592110634,0.980654,0.9648655001074076
"i bust my ass at work everyday , and these brokies out here are the ones living it upp smh",I work hard everyday and other people are the ones living it up.,"I work hard at work everyday, and these brokies out here are the ones living it.",0.004973893985152245,0.90500367,0.9680193981155752,"i work everyday , and these brokies out here are the ones living it upp smh",0.0936526283621788,0.94181645,0.9169881008565426
"the only sad thing , is that this moron weinstein got away with it for so long .",The only sad thing is that this unsuitable Weinstein got away from it so long.,"the only sad thing , is that this weinstein got away with it for so long .",0.0018662314396351576,0.9479092,0.9830664147390052,"the only sad thing , is that this weinstein got away with it for so long .",0.0018662314396351576,0.9479092,0.9830664147390052
"at least this expansion was designed by local architects , not the chipperfield jerk from england",at least this expansion was designed by local architects.,"at least this expansion was designed by local architects , not the architect from england",0.0006422682199627161,0.8524464,0.9552843492710963,"at least this expansion was designed by local architects , not the architect from england",0.0006422682199627161,0.8524463,0.9552843194687739
"fuck it , i 'll tell em to raise the price if thats wachu want","I will tell them to raise the price ,if that is what you want",i 'll tell em to raise the price if thats wachu want,0.009511050768196583,0.9309643,0.9726315696723759,i 'll tell em to raise the price if thats wachu want,0.009511050768196583,0.9309643,0.9726315696723759
just watched new curb ep 98 fuckin class leon 's funny as shit,Just watched new curb ep 98 Leon's funny,just watched new curb ep 98 class leon 's funny,0.0007172931800596416,0.9100577,0.9725152118306141,just watched new curb ep 98 class leon 's funny,0.0007172931800596416,0.9100577,0.9725152118306141
"speaking as someone who lives in the region , fuck you .",speaking as someone who lives in the region.,"speaking as someone who lives in the region, I don't like you.",0.11070915311574936,0.57383144,0.7946530275046825,speaking as someone who lives in the region,0.000608817907050252,0.7883114,0.9360672659473493
hey fuck you ! and stop stalking me !,Hey! Stop stalking me!,Stop stalking me,0.38444870710372925,0.77211356,0.6625199854373931,hey you ! and stop stalking me,0.3518184721469879,0.9516606,0.7392252415418625
thanks to the fuck ton of rain we got .,The high rainfall has caused some issues,thanks to the ton of rain we got .,0.0006432879017665982,0.9305884,0.9787262316909618,thanks to the ton of rain we got .,0.0006432879017665982,0.9305884,0.9787262316909618
no the fuck its not !,"No, it's not!",No it's not!,0.0011600841535255313,0.7770174,0.9322931684437208,No it's not!,0.0011600841535255313,0.77701765,0.9322932429495268
you get what you voted for and mother nature has no mercy for fools !,You have got what you voted so don't regret for it,you get what you voted for and mother nature has no mercy for them !,0.021142039448022842,0.94432974,0.9684995118528604,you get what you voted for and mother nature has no mercy for them !,0.021142039448022842,0.94432974,0.9684995118528604
the problem is people here are too caught up up in bougie bullshit to enjoy simplicity .,the problem is people here are too caught up in bougie to enjoy simplicity .,the problem is people here are too caught up in bougie to enjoy simplicity .,0.0013403637567535043,0.9269825,0.9771565138944425,the problem is people here are too caught up in bougie to enjoy simplicity .,0.0013403637567535043,0.9269825,0.9771565138944425
i got refresh 97 times faggot .,i got refresh 97 times,i got refresh 97 times,0.0007076601614244282,0.86046726,0.9576448144216556,i got refresh 97 times,0.0007076601614244282,0.8604672,0.9576448144216556
the amount of shit you girls are getting is really uncalled for - take no notice x,how much bad thing you girls are getting is really uncalled for - take no notice x,the amount of things you girls are getting is really uncalled for - take no notice x,0.0031475962605327368,0.933477,0.9778397779678926,the amount of things you girls are getting is really uncalled for - take no notice x,0.0031475962605327368,0.933477,0.9778397779678926
im boutta start buyin all old shit,I want to start buying all old shirts,im boutta start buyin all old stuff,0.11940614134073257,0.953676,0.9025185026228427,im boutta start buyin all old things,0.09455758333206177,0.9458719,0.9175712823867798
i dont eat that shit anyways,I dont eat that anyways,i dont eat that anyways,0.001993451500311494,0.95696235,0.9856933059403672,i dont eat that anyways,0.001993451500311494,0.95696235,0.9856933059403672
the exact fucking opposite of every woman i know .,the exact opposite of every woman I know.,the exact opposite of every woman i know .,0.00352163752540946,0.94450516,0.9808864241000265,the exact opposite of every woman i know .,0.00352163752540946,0.9445052,0.9808864241000265
they also fucking love doing heroin .,they are addicted to heroin,They also love doing heroin.,0.4978735148906708,0.91293746,0.6253697961568832,they also love doing heroin .,0.4978735148906708,0.91293746,0.6253697961568832
dnt fuck widd my fam .,Don't mess with my family.,dnt mess widd my fam .,0.7655787467956543,0.8514866,0.4195408642292022,dnt mess widd my fam .,0.7655787467956543,0.8514866,0.4195408642292022
harry potter books are toooooo fuckin ' long,Harry potter books are too long,Harry potter books are toooooo long,0.019912350922822952,0.9475417,0.9703238923102617,harry potter books are toooooo long,0.019912350922822952,0.9475417,0.9703238923102617
i see you fucking everywhere .,i see you everywhere .,i see you everywhere .,0.000812918005976826,0.8173409,0.9446332454273942,i see you everywhere .,0.000812918005976826,0.8173409,0.9446332454273942
people do unpredictable shit when they fear for their life .,People do unpredictable thinga when they fear for their life,people do unpredictable things when they fear for their life .,0.0015003433218225837,0.97381824,0.9910952503210865,people do unpredictable things when they fear for their life .,0.0015003433218225837,0.97381836,0.9910952801234089
and put the money into the fucking medical and educational systems lol .,and put the money into the medical and educational systems lol .,and put the money into the medical and educational systems lol .,0.0015831755008548498,0.9264887,0.9768383983289822,and put the money into the medical and educational systems lol .,0.0015831755008548498,0.9264887,0.9768383983289822
another extremist left wing cry baby post making the usual complete stupid accusations of destroying the planet !,Another left wing cry baby post making the usual complete accusations of destroying the planet!,another extremist left wing cry baby post making the usual complete accusations of destroying the planet !,0.1654980629682541,0.9858865,0.8799173220992088,another extremist left wing cry baby post making the usual complete accusations of destroying the planet !,0.1654980629682541,0.9858865,0.8799173220992088
grabs handfull of popcorn and thros at my bitches ! ha,Grabs handful of popcorn and toss on my friends,grabs handfull of popcorn and thros at my girls ! ha,0.06733129918575287,0.8954492,0.9215028569102287,grabs handfull of popcorn and thros at my girls ! ha,0.06733129918575287,0.8954491,0.9215028271079063
"well , that was a stupid comment .","Well,that was not a correct comment","Well, that was a bad comment.",0.004977881908416748,0.75183326,0.9220654636621475,"well , that was a comment .",0.0010676068486645818,0.6815681,0.9037231159512884
haha that 's rich coming from two guys who look like they just woke up from a fucking crypt,Haha that's rich coming from two guys who look like they just woke up from crypt,haha that 's rich coming from two guys who look like they just woke up from a crypt,0.10892464220523834,0.9884795,0.9202966168522835,haha that 's rich coming from two guys who look like they just woke up from a crypt,0.10892464220523834,0.9884795,0.9202966168522835
lol are you fucking kidding me .,lol are you kidding me,Are you kidding me?,0.009384478442370892,0.8005373,0.9335920604877174,Are you kidding me?,0.009384478442370892,0.8005373,0.9335920604877174
what shit is going down here ? will a member of my beautiful family please fill me in ?,What is going down here? Will a member of my beautiful family please fill me in,what is going down here ? will a member of my beautiful family please fill me in ?,0.000729982100892812,0.9724844,0.9912343473930377,what is going down here ? will a member of my beautiful family please fill me in ?,0.000729982100892812,0.9724844,0.9912343473930377
now this is just getting ridiculous !,now this is just getting ridiculous !,now this is just getting ridiculous !,0.14951902627944946,1.0,0.6953366935253142,now this is just getting ridiculous !,0.14951902627944946,1.0,0.6953366935253142
this shit is outtta hand .,This is outta hand.,This is out of hand.,0.0012639096239581704,0.7327062,0.918927134911064,this thing is out of hand .,0.0007904955418780446,0.721848,0.9160010713269002
up yours you incompetant administrator .,Upgrade yourself administrator.,up yours you incompetent administrator .,0.8829990029335022,0.921947,0.3584848165512085,up yours you administrator .,0.4766644537448883,0.7674533,0.5965708911418914
take your liberal crap and leave alaska .,take your liberal thing and leave alaska,take your liberal stuff and leave alaska .,0.0021002795547246933,0.95926625,0.9863097017630934,take your liberal thing and leave alaska .,0.0025386828929185867,0.9573958,0.9854416714981198
this shit should be regulated and taxed .,This shoulf be regulated and taxed,This should be regulated and taxed.,0.0006775440997444093,0.93258333,0.9793007425905671,this should be regulated and taxed .,0.0006775440997444093,0.93258333,0.9793007425905671
"im just laying down , in the dark , hot as shit , moving around","I'm just laying down in the dark, moving around","I'm just laying down, in the dark, moving around.",0.0013982300879433751,0.86469764,0.9584305473719723,"I'm just laying down, in the dark, moving around.",0.0013982300879433751,0.86469764,0.9584305473719723
"the rumours are pretty shit , but the line up is out at 45","the rumours are quite terrible, but the line up is out at 45","the rumours are pretty bad , but the line up is out at 45",0.0008372514857910573,0.9252726,0.9769957051088567,"the rumours are pretty bad , but the line up is out at 45",0.0008372514857910573,0.9252726,0.9769957051088567
"hot shit breaking news , i didn 't","Breaking news ,I didn't","Breaking news, I didn't.",0.0007558358483947814,0.9000877,0.969497241085628,"Breaking news, I didn't.",0.0007558358483947814,0.9000877,0.969497241085628
"they are corrupt , stop propping them up with these puff pieces .",They are corrupt stop propping them up,"They are corrupt, stop propping them up with these pieces.",0.464068204164505,0.91854966,0.6507171660661697,"they are corrupt , stop propping them up with these pieces .",0.464068204164505,0.91854966,0.6507171660661697
another crap fest brought to you by our local merchants .,Another fest brought to you by our local merchants.,another fest brought to you by our local merchants .,0.0007271316717378795,0.8321351,0.9491315471183043,another fest brought to you by our local merchants .,0.0007271316717378795,0.8321351,0.9491315471183043
this shit come on every week ! they should know how to spell it by now ! lol,this thing come on every week ! they should know how to spell it by now ! lol,this come on every week ! they should know how to spell it by now ! lol,0.003635656787082553,0.9798248,0.9914024985162541,this come on every week ! they should know how to spell it by now ! lol,0.003635656787082553,0.9798248,0.9914024985162541
i aint neva had shit against yu cuhz,I don't have a problem with you.,I ain't neva had anything against you.,0.03324229642748833,0.6244732,0.8640723656862974,i aint neva had anything against yu cuhz,0.050486594438552856,0.92682976,0.9427083164453506
- _ _ - rt i know he got my shit,I know he got my bad things.,I know he got my thing.,0.0013785002520307899,0.58859,0.8756120665348135,i know he got my thing,0.002815623302012682,0.6190622,0.8837477192748338
hell yea remember me on my bday lol that shit was funny ass hell,yeah remember me on my bday lol that thing was funny,yeah remember me on my bday lol that was funny,0.011492667719721794,0.8752516,0.9545306099578738,yeah remember me on my bday lol that thing was funny,0.007717975415289402,0.8708918,0.9558649600483476
why the fuck would you let saudi royals into your country ?,Why would you allow Saudi royals into your country,why would you let saudi royals into your country ?,0.003061169059947133,0.9656455,0.9875508352415636,why would you let saudi royals into your country ?,0.003061169059947133,0.9656455,0.9875508352415636
"its disgusting , wolf , i dont know what else to say .",I don't know what to say.,"its disgusting , wolf , i dont know what else to say .",0.38922739028930664,1.0,0.5275408387184144,"its disgusting wolf , i dont know what else to say .",0.40017661452293396,0.97960883,0.7137590378522873
do you really think aliens give a fuck about us ? lel,Do you think aliens care about us?,do you really think aliens care about us ? lel,0.01263230387121439,0.87912565,0.9548950956203043,do you really think aliens care about us ? lel,0.01263230387121439,0.8791257,0.9548951254226267
that 's because there was a shit ton of pork in it .,that 's because there was a ton of pork in it .,that 's because there was a ton of pork in it .,0.23392067849636078,0.9556413,0.8229479357600211,that 's because there was a ton of pork in it .,0.23392067849636078,0.9556413,0.8229479357600211
just another growing symptom of the problems yet to come wholly sanctioned by the idiotdividerinchief .,Just another symptom of the problems,Just another symptom of the problems yet to come.,0.0022398661822080612,0.6978111,0.9077754376456141,Just another symptom of the problems yet to come.,0.0022398661822080612,0.6978111,0.9077754376456141
you are one idiot of many .,You are naive.,you are one of many .,0.2913147211074829,0.5790409,0.6697919636964798,you are one of many .,0.2913147211074829,0.5790409,0.6697919636964798
photo bradisourking hnnnnnnnnnnnggggggggggggggggg ! he is so fucking hot !,He is so attractive,photo bradisourking is so hot,0.11453823745250702,0.7227933,0.8366612210869788,photo bradisourking hnnnnnnnnnnnngggggggggggg ! he is so hot !,0.7530821561813354,0.9715846,0.46431787610054015
"yeah now , that yo ass got the rejection treatment","Yeah now , that you got the rejection treatment","yeah now , that yo got the rejection treatment",0.009726651944220066,0.95824987,0.9806663037277757,"yeah now , that yo got the rejection treatment",0.009726651944220066,0.9582499,0.9806663335300981
however trudeau likely sees in a politician who is ignorant and buffoonish a kindred spirit .,However trudeau likely sees in a politician who is ignorant and a kindred spirit.,however trudeau likely sees in a politician who is ignorant and buffoonish a kindred spirit .,0.47866982221603394,0.9999997,0.46493104696273807,however trudeau likely sees in a politician who is ignorant and buffoonish a kindred spirit .,0.47866982221603394,0.9999997,0.46493104696273807
they don 't give a shit about animals .,the don’t care about animals .,They don't care about animals.,0.1925991028547287,0.77919334,0.7989386454224586,They don't care about animals.,0.1925991028547287,0.77919334,0.7989386454224586
what did god do on sundays ? so fucking bored,what did god do on sundays ? so bored,what did god do on sundays ? so bored,0.020819148048758507,0.96563405,0.975116822682321,what did god do on sundays ? so bored,0.020819148048758507,0.96563405,0.975116822682321
she is the devil incarnate !,She is bad.,She is not good.,0.013820805586874485,0.5127293,0.8441442222334444,She is not good.,0.013820805586874485,0.51272917,0.844144192431122
"would you get the fuck out of here with your "" scientific method "" bullshit .","would you mind leaving with your "" scientific method""",would you get out of here with your scientific method,0.2461773157119751,0.88983554,0.7946265459060669,would you get out of here with your scientific method .,0.19044068455696106,0.8855417,0.8323540419340133
"we have a good health care education system , but our health care delivery system sucks .","We have a good health care education system, but our health cade delivery system is bad.","We have a good health care education system, but our health care delivery system is not good.",0.0007463851943612099,0.91343784,0.9735089012421667,"we have a good health care education system , but our health care delivery system is bad .",0.0013346162158995867,0.9261216,0.9769022702472284
i don 't give a shit about the conservative subreddit .,i don't care about the conservative subreddit.,I don't care about the conservative subreddit.,0.012552667409181595,0.91215384,0.9648593086749315,I don't care about the conservative subreddit.,0.012552667409181595,0.9121538,0.9648592788726091
how the fuck did i get in my moms car,how you did i get in my moms car,how did i get in my moms car,0.20584486424922943,0.8927408,0.823730830848217,how did i get in my moms car,0.20584486424922943,0.8927408,0.823730830848217
"until we do so drastically , this shit will continue .","until we do so drastically, this thing will continue.","until we do so drastically , this will continue .",0.0006268145516514778,0.9399045,0.9815325950272381,"until we do so drastically , this will continue .",0.0006268145516514778,0.9399046,0.9815326248295605
if you are a communist and marxis you follow a dead white mans ideas .,If you are a communist or a Marcos you follow an idealist ways,if you are a communist and marxis you follow a dead white mans ideas .,0.24290455877780914,1.0,0.6299668207764626,if you are communist and marxis you follow a dead white mans ideas .,0.2711782455444336,0.99540824,0.8087977170944214
a day doesnt go by with out seeing garbage like this in our news paper .,a day doesnt go by with out seeing newslike this in our news paper,a day doesnt go by with out seeing things like this in our news paper .,0.0007265183376148343,0.94530153,0.9830819029477424,a day doesnt go by with out seeing things like this in our news paper .,0.0007265183376148343,0.94530153,0.9830819029477424
"the rest of your post is just more silly sarcasm , so it doesnt need response .","the rest of your post is just mockery, so it doesn't need replies.","the rest of your post is just more sarcasm , so it doesnt need response .",0.01304356288164854,0.9585451,0.9784330385737121,"the rest of your post is just more sarcasm , so it doesnt need response .",0.01304356288164854,0.9585451,0.9784330385737121
crazy like a fox the wily president trump kept slimy james comey on the straight and narrow .,The president Trump kept James Comey on the straight and narrow.,The wily president trump kept slimy james comey on the straight and narrow.,0.04203353077173233,0.9382489,0.9520512081682682,the wily president trump kept slimy james comey on the straight and narrow .,0.04203353077173233,0.9382488,0.9520511783659458
"don 't fuck around with that stuff , buy some real noodles and sauce .",Do not get involved in these things. Buy some authentic noodles and sauce.,"Don't mess around with that stuff, buy some real noodles and sauce.",0.008637062273919582,0.9643202,0.9832501172088086,"don 't mess around with that stuff , buy some real noodles and sauce .",0.008637062273919582,0.9643202,0.9832501172088086
just the looks of her is revolting .,Just the looks of her is not good,just the looks of her is revolting .,0.0013995654881000519,1.0,0.7990203160792588,just the looks of her is revolting .,0.0013995654881000519,1.0,0.7990203160792588
"shit , "" the great firewall "" is a real thing .",The great firewall is a real thing,The great firewall is a real thing.,0.0009476316627115011,0.9222695,0.9760175147792324,The great firewall is a real thing.,0.0009476316627115011,0.9222695,0.9760175147792324
oh and all that shit fast food those poor people are eating ?,oh and all that fast food those poor people are eating ?,oh and all that fast food those poor people are eating ?,0.06047056242823601,0.9805533,0.9518366049975157,oh and all that fast food those poor people are eating ?,0.06047056242823601,0.9805533,0.9518366049975157
"the fuck , anti - mine vehicles , m16s , and grenade launchers ?","anti mine vehicles, m16s, and grenade launchers?","the , anti - mine vehicles , m16s , and grenade launchers ?",0.0008461858960799873,0.9504462,0.9845415383286308,"the , anti - mine vehicles , m16s , and grenade launchers ?",0.0008461858960799873,0.9504462,0.9845415383286308
you share that shit with me though no problemo ! rt randomfact i don 't like sharing my bed .,you share that thing with me though no problemo ! rt randomfact i don 't like sharing my bed .,you share that with me though no problemo ! rt randomfact i don 't like sharing my bed .,0.033746954053640366,0.976175,0.9692296531051396,you share that with me though no problemo ! rt randomfact i don 't like sharing my bed .,0.033746954053640366,0.976175,0.9692296531051396
it is stopping you ass hats from dominating them .,it is stopping you from dominating them.,it is stopping you hats from dominating them .,0.012929044663906097,0.96800715,0.9813518129289149,it is stopping you hats from dominating them .,0.012929044663906097,0.96800715,0.9813518129289149
"i was so fuckin high , it was amazing .","I was so high, it was amazing.","i was so high , it was amazing .",0.0006128763779997826,0.9141188,0.9738066523335873,"i was so high , it was amazing .",0.0006128763779997826,0.9141188,0.9738066523335873
imho black lives matter is a farce and is becoming a very destructive force in america today .,imho black lives matter is becoming a very destructive force in america today .,imho black lives matter is a farce and is becoming a very destructive force in america today .,0.6746354699134827,1.0,0.32775518298149103,imho black lives matter is a farce and is becoming a very destructive force in america today .,0.6746354699134827,1.0,0.32775518298149103
they were dumb enough to try that shit in texas .,they were wrong enough to try that in texas .,they were naive enough to try that in texas .,0.0006343923159874976,0.7851971,0.935115061054239,they were naive enough to try that in texas .,0.0006343923159874976,0.78519696,0.9351150163507554
goo get roses on ya ass from taron haha,Go get roses from taron,Go get roses from taron haha,0.022354524582624435,0.86557984,0.9440257858484983,goo get roses from taron haha,0.05191058665513992,0.92170304,0.9401735134422778
"frankly , i think this jerk took lessons from bill gates .","frankly , i think this guy took lessons from bill gates .","Frankly, I think he took lessons from bill gates.",0.0007336804992519319,0.8383168,0.9509814869554247,"Frankly, I think he took lessons from bill gates.",0.0007336804992519319,0.83831686,0.9509814869554247
lol rt when bored all the dumb shit comes to your head,"lol rt When you get bored, all the strange things comes to your head.",lol rt when bored all the things come to your head,0.04093635827302933,0.92219365,0.9480026669800281,lol rt when bored all the things come to your head,0.04093635827302933,0.9221936,0.9480026371777057
radiation tomorrow - time to start phase 21 of operation kick leukemia 's ass .,radiation tomorrow - time to start phase 21 of operation defeat leukemia,Radiation tomorrow - time to start phase 21 of operation to defeat leukemia,0.0008303385111503303,0.9423519,0.9821243382699322,Radiation tomorrow - time to start phase 21 of operation.,0.0006208352278918028,0.86020434,0.9576267349300905
"did you read the article at all , or are you just another one of the gupta stooges ?",Did you read the article at all or not?,"did you read the article at all , or are you just another one of the gupta stooges ?",0.18196959793567657,1.0,0.6726212933659552,"did you read the article at all , or are you just another one of the gupta people ?",0.0010531417792662978,0.96287614,0.9881256549968384
shit man at that rate if 56 56 happened in israel they would purge the entire middle east .,At that rate if 56 56 happened in Israel they would purge the entire middle east.,Man at that rate if 56 56 happened in israel they would purge the entire middle east.,0.13841986656188965,0.97874916,0.8967308521270752,man at that rate if 56 56 happened in israel they would purge the entire middle east .,0.13841986656188965,0.97874916,0.8967308521270752
how fucking awesome would that be ?,How awesome would that be?,how awesome would that be ?,0.0014175254618749022,0.92923653,0.9777787153958343,how awesome would that be ?,0.0014175254618749022,0.92923665,0.9777787451981567
that 's fucking disgusting to use someone 's death as an excuse to use their services .,It's so disgusting to use someone's death as an excuse to use their services.,That's disgusting to use someone's death as an excuse to use their services.,0.3813655972480774,0.980591,0.727221405506134,that 's disgusting to use someone 's death as an excuse to use their services .,0.3813655972480774,0.9805912,0.7272214353084564
wtf ? that sounds like a weird ass party,That sound like an unusual party,that sounds like a weird party,0.010914972983300686,0.88051194,0.9565131186507642,that sounds like a weird party,0.010914972983300686,0.88051194,0.9565131186507642
"napping is just too nice a description for this government , which is far out stupid and inept .",The government is deficient and clumsy.,"napping is just too nice a description for this government , which is far out",0.0009263940737582743,0.9318439,0.9789046991209034,"napping is just too nice a description for this government , which is far out.",0.0008674472337588668,0.9495203,0.9842488977476023
"what the fuck are you gonna do about it ? """,What are you going to do about it,What are you gonna do about it?,0.0009370784973725677,0.8766461,0.9623378874151967,"what are you gonna do about it ? """,0.0009409062331542373,0.8958001,0.9680814235820434
lol fuck her ! we needa be cool again !,"Leave her, we need to be cool again.",We need to be cool again.,0.0006357511738315225,0.5173101,0.8547480050125159,We need to be cool again.,0.0006357511738315225,0.5173101,0.8547480050125159
yeah she better go ass to mouth or toss his salad for that !,Yeah she better go all the way or toss his salad for that!,yeah she better go to mouth or toss his salad for that !,0.3120775520801544,0.984671,0.7769470185041427,yeah she better go mouth or toss his salad for that !,0.4749056398868561,0.9796074,0.661448273062706
"no , i am not holy shit that 's a cute dog","No, i am not. That's a cute dog!","no , i am not holy that 's a cute dog",0.005799298174679279,0.9756908,0.9886477258987725,"no , i am not that 's a cute dog",0.0029288670048117638,0.83201516,0.9475543460808694
i mean the credit reporting shit is pretty corrupted on its own .,"I mean, the credit reporting stuff is pretty corrupted on its own.",i mean the credit reporting is pretty corrupted on its own .,0.0006581060588359833,0.97793037,0.9929184537380933,i mean the credit reporting is pretty corrupted on its own .,0.0006581060588359833,0.97793037,0.9929184537380933
does nobody here actually read the fucking article ?,Does anyone here read the article?,does nobody here actually read the article ?,0.0008360178326256573,0.9437556,0.98254149936256,does nobody here actually read the article ?,0.0008360178326256573,0.9437555,0.9825414397579152
it 's crazy esp since europeans are always bitching about racism here in the us,it 's crazy esp since europeans are always about racism here in the us,it 's crazy esp since europeans are always complaining about racism here in the us,0.07353220134973526,0.95774055,0.9358496226370334,it 's crazy esp since europeans are always complaining about racism here in the us,0.07353220134973526,0.95774055,0.9358496226370334
this guy 's just a dick .,this guy is irriating,This guy is not good.,0.021955372765660286,0.5782813,0.8581156240776181,this guy 's just bad .,0.11300933361053467,0.7189503,0.8365785509347915
it 's okay friend me & you both know that shit ain 't true !,It is okay. We know that it is not true!,It's okay friend me and you both know that ain't true.,0.0007575098425149918,0.9185321,0.9750293770805001,it 's okay friend me & you both know that ain 't true !,0.0008377486956305802,0.97020227,0.9904742620245087
i got a grunt ! ! ! ! he 's a right lazy ass xx,He is lazy.,I got a grunt! He's a right lazy.,0.794873833656311,0.8749831,0.40608323812484737,i got a grunt he 's lazy xx,0.4549276828765869,0.86783963,0.6419025182723999
i see you fucking everywhere .,I see you everywhere.,i see you everywhere .,0.000812918005976826,0.8173409,0.9446332454273942,i see you everywhere .,0.000812918005976826,0.8173409,0.9446332454273942
